k,logloss,brier,avg_leader_p,leader_strike,ll_sd_by_year,ll_by_year
2.0,2.7825989938385685,0.9126186046728648,0.09853190979276918,0.5,0.49110481811223583,3.39/3.12/2.46/2.16
2.5,2.717844560764063,0.9005537993108852,0.11773672874730942,0.5,0.6026701742365642,3.50/3.08/2.30/1.99
3.0,2.6643163409153363,0.8882802569240088,0.13914003717422316,0.5,0.7189688015697577,3.64/3.05/2.15/1.82
3.5,2.6220087861363424,0.8759512334279672,0.16261513638814262,0.5,0.839159041106739,3.78/3.03/2.00/1.67
4.0,2.5907957344771133,0.8637194107391755,0.1879607955123276,0.5,0.9626953691642134,3.94/3.04/1.86/1.52
4.5,2.5704333087004247,0.8517261706898747,0.2149134060773789,0.5,1.0891335294756228,4.12/3.05/1.73/1.38
5.0,2.5605704855069713,0.8400959415351072,0.2431640102709713,0.5,1.218054617516466,4.30/3.08/1.61/1.25
5.5,2.5607656724607413,0.8289356199415518,0.27237741784970326,0.5,1.3490407337202028,4.50/3.12/1.49/1.13
6.0,2.5705069173368136,0.8183373158377716,0.3022107439872199,0.5,1.481674229066421,4.71/3.18/1.38/1.02
6.5,2.5892332461648087,0.8083818930880159,0.33232941525041376,0.5,1.6155470581195368,4.93/3.24/1.28/0.91
7.0,2.6163549974516633,0.7991411763064468,0.362419637058351,0.5,1.750273025685699,5.16/3.32/1.18/0.82
7.5,2.651271679476028,0.7906778492861511,0.3921971523547292,0.5,1.8854990060423351,5.39/3.40/1.08/0.73
8.0,2.693386593462452,0.7830433130487556,0.42141266335941263,0.5,2.0209132262038554,5.63/3.49/1.00/0.65
