year,race_id,horse,field_size,winner,finish_pos,age,or_entry,hist_months,n_prior_runs,l_pos,l_pprop,l_btn,l_won,l_class,l_type,l_yards,l_staying,l_class_rel,l_days,l_field,l_going,l_is_flat,l_is_hcap,r2_pos,r2_pprop,r2_btn,r2_class,r2_type,r2_yards,r3_pos,r3_pprop,r3_btn,r3_class,r3_type,r3_yards,f_runs16,f_wins16,f_runs2m,f_wins2m,f_best_pos2m,f_winrate16,f_placerate16,j_runs2m,j_wins2m,j_any,c_flat_runs,c_flat_wins,c_flat_winrate,c_flat_top3,c_flat_top3_hcap,c_cl12_runs,c_cl12_winplace,c_best_class_won,c_won_cl2plus_hcap,form_trend3,form_dir3,or_chg3,best_class_won_12m,best_class_won_12m_gap,runs_flat_cy,runs_jumps_cy,runs_cy,days_since_win,runs_90d,wins_365d,dual_cy,dual_career,prop_flat,raceday_days_given,rr_last_fig,rr_form_trend3,rr_form_avg3,rr_days
2022,44842126,Run For Oscar,21,1,1.0,7,90.0,9.210526315789474,3,1.0,0.09090909090909091,0.0,1,4.0,flat_hcap,3565,1,-1.0,62,11,Good,1,1,3.0,0.25,5.7,,flat_hcap,3520.0,13.0,0.8125,15.62,,flat_hcap,3080.0,2,0,1,0,3.0,0.0,0.5,0,0,0,3,1,0.3333333333333333,0.6666666666666666,0.6666666666666666,0,0,4.0,0,0.7215909090909091,1.0,8.0,4.0,0.0,3,0,3,62.0,1,1,0,0,1.0,62,1,9.0,4.666666666666667,62.0
2022,44842126,Vino Victrix,21,0,2.0,4,92.0,9.210526315789474,5,1.0,0.16666666666666666,0.0,1,3.0,flat_hcap,3520,1,-1.0,43,6,Good to Soft (Soft in places),1,1,2.0,0.2222222222222222,0.05,4.0,flat_hcap,3518.0,2.0,0.25,0.75,3.0,flat_hcap,3518.0,2,0,0,0,,0.0,1.0,0,0,0,5,1,0.2,0.8,0.8,0,0,3.0,0,0.08333333333333334,0.0,7.0,3.0,0.0,5,0,5,43.0,2,1,0,0,1.0,43,1,1.0,1.6666666666666667,43.0
2022,44842126,Not So Sleepy,21,0,3.0,10,98.0,9.210526315789474,3,5.0,0.7142857142857143,11.75,0,1.0,flat_nonhcap,3570,1,1.0,99,7,Good (Good to Firm in places),1,0,9.0,0.5625,4.17,2.0,flat_hcap,3114.0,6.0,0.6,8.95,1.0,hurdle,3607.0,1,0,0,0,,0.0,0.0,1,0,1,2,0,0.0,0.0,0.0,2,0,,0,-0.11428571428571432,-1.0,,,,2,1,3,,0,0,1,1,0.6666666666666666,99,5,-3.0,5.333333333333333,99.0
2022,44842126,Zoffee,21,0,4.0,6,93.0,9.210526315789474,6,3.0,0.25,4.5,0,2.0,flat_hcap,3576,1,0.0,52,12,Good (Good to Firm in places),1,1,7.0,0.5,7.7,2.0,flat_hcap,4497.0,3.0,0.1875,0.1,2.0,flat_hcap,3080.0,5,2,2,1,1.0,0.4,0.8,0,0,0,6,2,0.3333333333333333,0.8333333333333334,0.8333333333333334,4,3,2.0,1,-0.0625,0.0,3.0,2.0,0.0,6,0,6,105.0,2,2,0,0,1.0,52,3,0.0,4.333333333333333,52.0
2022,44842126,Ahorsewithnoname,21,0,5.0,7,96.0,9.210526315789474,3,1.0,0.14285714285714285,0.0,1,3.0,flat_hcap,3576,1,-1.0,149,7,Good,1,1,1.0,0.14285714285714285,0.0,2.0,flat_hcap,3630.0,2.0,0.10526315789473684,1.25,1.0,hurdle,3699.0,1,1,1,1,1.0,1.0,1.0,1,0,1,2,2,1.0,1.0,1.0,1,1,2.0,1,-0.03759398496240601,0.0,,2.0,0.0,2,1,3,149.0,0,2,1,1,0.6666666666666666,149,1,0.0,1.0,149.0
2022,44842126,Going Gone,21,0,6.0,4,100.0,9.210526315789474,6,1.0,0.1,0.0,1,2.0,flat_hcap,3195,1,0.0,27,10,Good to Soft,1,1,2.0,0.2,0.5,2.0,flat_hcap,3509.0,6.0,1.0,10.0,2.0,flat_hcap,3630.0,5,1,2,0,4.0,0.2,0.6,0,0,0,6,2,0.3333333333333333,0.6666666666666666,0.6666666666666666,4,2,2.0,1,0.9,1.0,4.0,2.0,0.0,6,0,6,27.0,3,2,0,0,1.0,27,1,5.0,3.0,27.0
2022,44842126,Gibraltar,21,0,7.0,5,84.0,9.210526315789474,6,1.0,0.16666666666666666,0.0,1,,flat_hcap,3570,1,,56,6,Good,1,1,1.0,0.09090909090909091,0.0,,flat_hcap,3300.0,8.0,0.6666666666666666,17.9,,flat_hcap,3520.0,3,1,1,0,8.0,0.3333333333333333,0.3333333333333333,2,0,1,4,2,0.5,0.5,0.5,0,0,,0,0.5,1.0,10.0,,,4,2,6,56.0,2,2,1,1,0.6666666666666666,56,1,7.0,3.3333333333333335,56.0
2022,44842126,Scaramanga,21,0,8.0,7,90.0,9.210526315789474,2,11.0,0.5789473684210527,7.77,0,2.0,flat_hcap,4390,1,0.0,116,19,Good to Firm,1,1,4.0,1.0,6.75,1.0,hurdle,4730.0,,,,,,,0,0,0,0,,,,1,0,1,1,0,0.0,0.0,0.0,1,0,,0,,,,,,1,1,2,,0,0,1,1,0.5,116,10,-1.0,9.666666666666666,116.0
2022,44842126,Withhold,21,0,9.0,9,98.0,9.210526315789474,4,6.0,0.5,8.25,0,2.0,flat_hcap,3576,1,0.0,52,12,Good (Good to Firm in places),1,1,11.0,0.7857142857142857,38.6,2.0,flat_hcap,4497.0,5.0,0.8333333333333334,5.0,2.0,flat_hcap,3630.0,3,0,2,0,5.0,0.0,0.0,0,0,0,4,0,0.0,0.0,0.0,4,0,,0,0.33333333333333337,1.0,-7.0,,,4,0,4,,3,0,0,0,1.0,52,6,-1.0,7.0,52.0
2022,44842126,Baby Zeus,21,0,10.0,5,92.0,9.210526315789474,3,6.0,0.2608695652173913,4.02,0,,flat_hcap,2820,1,,28,23,Soft,1,1,3.0,0.16666666666666666,8.25,,flat_hcap,2640.0,4.0,0.26666666666666666,31.25,,hurdle,4180.0,1,0,0,0,,0.0,1.0,1,0,1,2,0,0.0,0.5,0.5,0,0,,0,0.005797101449275366,0.0,,,,2,1,3,,2,0,1,1,0.6666666666666666,28,6,4.0,6.333333333333333,28.0
2022,44842126,Call My Bluff,21,0,11.0,5,85.0,9.210526315789474,5,2.0,0.13333333333333333,0.15,0,2.0,flat_hcap,4100,1,0.0,14,15,Good to Soft,1,1,3.0,0.3,1.45,2.0,flat_hcap,3960.0,19.0,0.95,116.95,,flat_hcap,3699.0,4,0,3,0,3.0,0.0,0.5,0,0,0,5,0,0.0,0.6,0.6,3,3,,0,0.8166666666666667,1.0,-1.0,,,5,0,5,,3,0,0,0,1.0,14,2,8.0,5.0,14.0
2022,44842126,Evaluation,21,0,12.0,4,90.0,9.210526315789474,6,2.0,0.16666666666666666,0.02,0,3.0,flat_hcap,3080,1,-1.0,48,12,Good (Good to Firm in places),1,1,4.0,0.2222222222222222,3.25,2.0,flat_hcap,3576.0,1.0,0.1,0.0,4.0,flat_hcap,3517.0,5,4,3,2,1.0,0.8,0.8,0,0,0,6,4,0.6666666666666666,0.8333333333333334,0.8333333333333334,1,0,4.0,0,-0.06666666666666665,0.0,6.0,4.0,0.0,6,0,6,125.0,1,4,0,0,1.0,48,2,-1.0,2.3333333333333335,48.0
2022,44842126,Bascule (FR),21,0,13.0,4,92.0,9.210526315789474,3,5.0,0.5,4.7,0,2.0,flat_hcap,3960,1,0.0,21,10,Good,1,1,4.0,0.6666666666666666,10.75,3.0,flat_hcap,3520.0,7.0,0.5384615384615384,3.47,2.0,flat_hcap,3080.0,2,0,1,0,4.0,0.0,0.0,0,0,0,3,0,0.0,0.0,0.0,2,0,,0,0.038461538461538436,0.0,0.0,,,3,0,3,,3,0,0,0,1.0,21,5,2.0,5.333333333333333,21.0
2022,44842126,Inchicore,21,0,14.0,5,97.0,9.210526315789474,4,3.0,0.3,3.9,0,2.0,flat_hcap,3195,1,0.0,27,10,Good to Soft,1,1,4.0,0.23529411764705882,1.85,2.0,flat_hcap,2595.0,1.0,0.125,0.0,2.0,flat_hcap,3080.0,2,1,1,0,3.0,0.5,1.0,0,0,0,4,1,0.25,0.75,0.75,4,3,2.0,1,-0.175,-1.0,5.0,2.0,0.0,4,0,4,140.0,1,1,0,0,1.0,27,3,-2.0,2.6666666666666665,27.0
2022,44842126,Hms President,21,0,15.0,5,90.0,9.210526315789474,10,2.0,0.2,0.15,0,2.0,flat_hcap,3195,1,0.0,27,10,Good to Soft,1,1,2.0,0.25,0.2,2.0,flat_hcap,3080.0,2.0,0.4,2.5,2.0,flat_hcap,2640.0,5,0,0,0,,0.0,0.4,0,0,0,10,1,0.1,0.5,0.4444444444444444,7,3,3.0,0,0.2,1.0,0.0,3.0,0.0,10,0,10,113.0,5,1,0,0,1.0,27,2,0.0,2.0,27.0
2022,44842126,Land Of Winter (FR),21,0,16.0,6,88.0,9.210526315789474,4,4.0,0.26666666666666666,2.9,0,2.0,flat_hcap,4100,1,0.0,14,15,Good to Soft,1,1,6.0,1.0,14.5,3.0,flat_hcap,3520.0,5.0,0.7142857142857143,3.25,3.0,flat_hcap,3520.0,3,0,3,0,5.0,0.0,0.0,0,0,0,4,0,0.0,0.0,0.0,2,0,,0,0.44761904761904764,1.0,-2.0,,,4,0,4,,2,0,0,0,1.0,14,4,,5.0,14.0
2022,44842126,Mukha Magic,21,0,17.0,6,81.0,9.210526315789474,14,7.0,0.4375,4.9,0,2.0,flat_hcap,3080,1,0.0,10,16,Good to Firm (Good in places),1,1,5.0,0.5555555555555556,3.25,4.0,flat_hcap,3518.0,1.0,0.2,0.0,5.0,flat_hcap,3080.0,13,5,6,2,1.0,0.38461538461538464,0.5384615384615384,0,0,0,14,5,0.35714285714285715,0.5,0.5,1,0,4.0,0,-0.2375,-1.0,5.0,4.0,0.0,14,0,14,44.0,5,5,0,0,1.0,10,7,-6.0,4.333333333333333,10.0
2022,44842126,Authors Dream,21,0,18.0,9,87.0,9.210526315789474,6,2.0,0.3333333333333333,1.5,0,3.0,flat_hcap,3576,1,-1.0,33,6,Standard / Slow (AW - Tapeta),1,1,3.0,0.21428571428571427,2.5,2.0,flat_hcap,4497.0,8.0,0.8888888888888888,15.22,3.0,flat_hcap,3469.0,5,1,3,1,1.0,0.2,0.6,0,0,0,6,1,0.16666666666666666,0.6666666666666666,0.6666666666666666,1,1,3.0,0,0.5555555555555556,1.0,0.0,3.0,0.0,6,0,6,242.0,2,1,0,0,1.0,33,2,6.0,4.333333333333333,33.0
2022,44842126,Moliwood,21,0,19.0,4,88.0,9.210526315789474,7,10.0,1.0,29.35,0,2.0,flat_hcap,3195,1,0.0,27,10,Good to Soft,1,1,4.0,0.4,1.15,2.0,flat_hcap,3509.0,6.0,0.75,8.8,3.0,flat_hcap,3518.0,6,1,1,0,7.0,0.16666666666666666,0.16666666666666666,0,0,0,7,1,0.14285714285714285,0.14285714285714285,0.16666666666666666,5,1,2.0,1,-0.25,-1.0,-1.0,2.0,0.0,7,0,7,273.0,2,1,0,0,1.0,27,10,-4.0,6.666666666666667,27.0
2022,44842126,Prince Imperial (USA),21,0,20.0,5,94.0,9.210526315789474,2,2.0,0.2,1.25,0,2.0,flat_hcap,3960,1,0.0,21,10,Good,1,1,6.0,0.75,14.15,2.0,flat_hcap,3080.0,,,,,,,1,0,0,0,,0.0,0.0,0,0,0,2,0,0.0,0.5,0.5,2,1,,0,,,,,,2,0,2,,2,0,0,0,1.0,21,2,-1.0,3.0,21.0
2022,44842126,Favorite Moon (GER),21,0,21.0,5,100.0,9.210526315789474,4,1.0,0.06666666666666667,0.0,1,,hurdle,4125,1,,22,15,Good to Yielding,0,0,6.0,0.3,7.2,,flat_hcap,3699.0,5.0,0.3125,12.45,,hurdle,3708.0,2,0,1,0,6.0,0.0,0.0,2,1,1,2,0,0.0,0.0,0.0,1,0,,0,0.24583333333333335,1.0,,,,2,2,4,22.0,2,1,1,1,0.5,75 (22J),6,-3.0,6.0,
2023,45213126,The Shunter,31,1,1.0,10,94.0,21.414473684210527,12,4.0,0.6666666666666666,6.25,0,,flat_hcap,2740,1,,59,6,Good (Good to Firm in places),1,1,15.0,0.8333333333333334,41.4,,hurdle,4210.0,3.0,0.75,6.75,1.0,chase,5156.0,3,1,2,0,3.0,0.3333333333333333,0.6666666666666666,7,0,1,5,1,0.2,0.4,0.0,0,0,,0,0.08333333333333337,0.0,,,,1,2,3,515.0,1,0,1,1,0.4166666666666667,59,4,3.0,5.0,59.0
2023,45213126,Pied Piper,31,0,2.0,5,96.0,21.414473684210527,11,3.0,0.6,2.0,0,,flat_nonhcap,3700,1,,51,5,Yielding (Good to Yielding in Places),1,0,6.0,1.0,19.0,1.0,hurdle,3520.0,2.0,0.08333333333333333,0.15,1.0,hurdle,3699.0,1,0,1,0,6.0,0.0,0.0,9,3,1,2,0,0.0,0.5,0.0,1,0,,0,-0.5166666666666666,-1.0,,,,1,3,4,344.0,1,2,1,1,0.18181818181818182,51,1,2.0,2.3333333333333335,51.0
2023,45213126,Tashkhan,31,0,3.0,5,109.0,21.414473684210527,9,1.0,0.1111111111111111,0.0,1,2.0,flat_hcap,4100,1,0.0,14,9,Soft,1,1,14.0,0.6363636363636364,10.85,2.0,flat_hcap,3048.0,8.0,0.7272727272727273,16.3,1.0,flat_nonhcap,3520.0,8,0,3,0,4.0,0.0,0.375,0,0,0,9,1,0.1111111111111111,0.4444444444444444,0.5,9,4,2.0,1,0.6161616161616161,1.0,3.0,2.0,0.0,5,0,5,14.0,3,1,0,0,1.0,14,1,7.0,6.333333333333333,14.0
2023,45213126,Bashful Boy,31,0,4.0,7,86.0,21.414473684210527,20,5.0,0.5,10.25,0,2.0,flat_hcap,3960,1,0.0,21,10,Good (Good to Soft in places),1,1,9.0,0.9,44.5,3.0,hurdle,4784.0,1.0,0.2,0.0,4.0,hurdle,4742.0,5,3,0,0,,0.6,0.8,10,2,1,6,3,0.5,0.6666666666666666,0.6666666666666666,1,0,4.0,0,-0.3,-1.0,6.0,4.0,0.0,6,4,10,99.0,2,4,1,1,0.3,21,5,-4.0,2.3333333333333335,21.0
2023,45213126,Sheishybrid,31,0,5.0,5,84.0,21.414473684210527,18,2.0,0.2,1.0,0,2.0,flat_hcap,3960,1,0.0,21,10,Good (Good to Soft in places),1,1,2.0,0.2222222222222222,2.25,,flat_hcap,3664.0,5.0,0.3125,4.8,,flat_hcap,3520.0,11,1,4,1,1.0,0.09090909090909091,0.45454545454545453,6,2,1,12,1,0.08333333333333333,0.5,0.5,1,1,,0,0.11249999999999999,1.0,0.0,,,5,2,7,407.0,2,0,1,1,0.6666666666666666,21,2,3.0,3.0,21.0
2023,45213126,Jesse Evans,31,0,6.0,7,95.0,21.414473684210527,15,4.0,0.13333333333333333,1.05,0,,flat_hcap,3685,1,,20,30,Soft,1,1,1.0,0.1111111111111111,0.0,,flat_hcap,3120.0,2.0,0.10526315789473684,0.15,1.0,hurdle,3531.0,7,2,3,0,2.0,0.2857142857142857,0.7142857142857143,7,1,1,8,2,0.25,0.625,0.5,0,0,,0,-0.028070175438596495,0.0,6.0,,,4,1,5,51.0,3,2,1,1,0.5333333333333333,20,4,-3.0,2.0,20.0
2023,45213126,Not So Sleepy,31,0,7.0,11,102.0,21.414473684210527,8,1.0,0.14285714285714285,0.0,1,2.0,flat_hcap,2921,1,0.0,21,7,Heavy (Soft in places),1,1,5.0,0.7142857142857143,32.25,1.0,hurdle,3607.0,5.0,1.0,55.25,1.0,hurdle,5401.0,3,0,2,0,3.0,0.0,0.3333333333333333,4,0,1,4,1,0.25,0.5,0.6666666666666666,4,2,2.0,1,0.8571428571428572,1.0,4.0,2.0,0.0,1,1,2,21.0,1,1,1,1,0.5,21,1,4.0,3.0,21.0
2023,45213126,Typewriter,31,0,8.0,4,93.0,21.414473684210527,11,3.0,0.375,3.0,0,3.0,flat_hcap,3080,1,-1.0,17,8,Soft,1,1,8.0,0.47058823529411764,17.7,2.0,flat_hcap,4497.0,4.0,0.4444444444444444,3.25,2.0,flat_nonhcap,4763.0,6,0,2,0,4.0,0.0,0.16666666666666666,0,0,0,11,0,0.0,0.2727272727272727,0.25,9,2,,0,0.06944444444444442,0.0,-1.0,,,6,0,6,,2,0,0,0,1.0,17,3,1.0,5.0,17.0
2023,45213126,Geremia,31,0,9.0,5,84.0,21.414473684210527,23,11.0,0.3235294117647059,3.45,0,2.0,flat_hcap,1980,0,0.0,14,34,Good to Firm,1,1,11.0,0.7857142857142857,23.15,2.0,flat_hcap,2655.0,6.0,0.5454545454545454,5.15,4.0,flat_hcap,3565.0,13,2,7,0,2.0,0.15384615384615385,0.46153846153846156,0,0,0,23,2,0.08695652173913043,0.391304347826087,0.391304347826087,8,1,3.0,0,0.22192513368983952,1.0,-2.0,3.0,0.0,9,0,9,96.0,4,2,0,0,1.0,14,10,-4.0,8.666666666666666,14.0
2023,45213126,Mr Escobar,31,0,10.0,5,81.0,21.414473684210527,7,5.0,0.5555555555555556,2.95,0,,flat_hcap,3120,1,,51,9,Yielding (Good to Yielding in Places),1,1,13.0,0.6842105263157895,51.4,,flat_hcap,3630.0,5.0,0.45454545454545453,3.2,,flat_hcap,2640.0,6,1,1,0,13.0,0.16666666666666666,0.3333333333333333,0,0,0,7,1,0.14285714285714285,0.2857142857142857,0.0,0,0,,0,-0.10101010101010105,-1.0,1.0,,,5,0,5,269.0,2,1,0,0,1.0,51,5,0.0,6.666666666666667,51.0
2023,45213126,Lot of Joy,31,0,11.0,5,95.0,21.414473684210527,11,11.0,0.36666666666666664,12.45,0,,flat_hcap,3685,1,,20,30,Soft,1,1,8.0,0.8,6.9,1.0,flat_nonhcap,2682.0,8.0,0.4,6.77,,hurdle,3531.0,4,0,3,0,3.0,0.0,0.25,6,1,1,5,0,0.0,0.2,0.25,1,0,,0,0.03333333333333338,0.0,-1.0,,,3,4,7,248.0,4,1,1,1,0.45454545454545453,20,10,-4.0,8.0,20.0
2023,45213126,The Grand Visir,31,0,12.0,9,93.0,21.414473684210527,10,7.0,0.7777777777777778,31.75,0,2.0,flat_hcap,4100,1,0.0,14,9,Soft,1,1,4.0,0.8,4.75,1.0,flat_nonhcap,3937.0,3.0,0.3,5.75,2.0,flat_hcap,3509.0,9,0,8,0,2.0,0.0,0.2222222222222222,0,0,0,10,0,0.0,0.2,0.125,10,2,,0,-0.4777777777777778,-1.0,-1.0,,,8,0,8,,5,0,0,0,1.0,14,7,-4.0,4.666666666666667,14.0
2023,45213126,Tritonic,31,0,13.0,6,100.0,21.414473684210527,13,4.0,0.2857142857142857,8.0,0,2.0,flat_hcap,3081,1,0.0,35,14,Good,1,1,14.0,0.8235294117647058,63.45,2.0,flat_hcap,4497.0,3.0,0.15789473684210525,2.5,2.0,flat_hcap,4390.0,4,0,3,0,3.0,0.0,0.5,6,0,1,7,1,0.14285714285714285,0.42857142857142855,0.42857142857142855,7,3,2.0,1,-0.12781954887218044,-1.0,0.0,,,4,4,8,370.0,2,0,1,1,0.5384615384615384,35,4,-1.0,5.666666666666667,35.0
2023,45213126,Ocean Wind,31,0,14.0,7,102.0,21.414473684210527,4,3.0,0.75,16.5,0,2.0,flat_nonhcap,3124,1,0.0,29,4,Good to Firm (Good In Places),1,0,18.0,0.8181818181818182,14.1,2.0,flat_hcap,3048.0,10.0,0.9090909090909091,28.3,1.0,flat_nonhcap,3520.0,3,0,2,0,3.0,0.0,0.3333333333333333,0,0,0,4,0,0.0,0.5,0.0,4,2,,0,0.15909090909090906,1.0,-3.0,,,4,0,4,,3,0,0,0,1.0,29,3,7.0,7.666666666666667,29.0
2023,45213126,Zoffee,31,0,15.0,7,93.0,21.414473684210527,11,8.0,0.8,13.4,0,2.0,flat_hcap,3509,1,0.0,63,10,Good to Soft (Good in places),1,1,15.0,0.7894736842105263,9.65,2.0,flat_hcap,3576.0,6.0,0.3157894736842105,3.17,2.0,flat_hcap,4390.0,10,2,7,1,1.0,0.2,0.6,0,0,0,11,2,0.18181818181818182,0.5454545454545454,0.5454545454545454,9,4,2.0,1,-0.48421052631578954,-1.0,-2.0,,,4,0,4,476.0,1,0,0,0,1.0,63,8,-2.0,8.0,63.0
2023,45213126,Grand Providence,31,0,16.0,3,91.0,21.414473684210527,8,1.0,0.1,0.0,1,2.0,flat_hcap,3960,1,0.0,21,10,Good (Good to Soft in places),1,1,2.0,0.25,0.2,2.0,flat_hcap,3520.0,2.0,0.18181818181818182,1.75,3.0,flat_hcap,3080.0,5,1,2,1,1.0,0.2,1.0,0,0,0,8,3,0.375,1.0,1.0,2,2,2.0,1,0.08181818181818182,0.0,11.0,2.0,0.0,8,0,8,21.0,4,3,0,0,1.0,21,1,1.0,1.6666666666666667,21.0
2023,45213126,Zenon,31,0,17.0,9,85.0,21.414473684210527,1,5.0,1.0,12.2,0,,flat_nonhcap,2655,1,,16,5,Heavy,1,0,,,,,,,,,,,,,0,0,0,0,,,,0,0,0,1,0,0.0,0.0,,0,0,,0,,,,,,1,0,1,,1,0,0,0,1.0,16,5,-1.0,3.3333333333333335,16.0
2023,45213126,Emiyn (FR),31,0,18.0,6,92.0,21.414473684210527,14,2.0,0.2222222222222222,1.0,0,2.0,flat_hcap,4100,1,0.0,14,9,Soft,1,1,7.0,0.4117647058823529,12.2,2.0,flat_hcap,4497.0,1.0,0.1,0.0,4.0,flat_hcap,3167.0,12,2,4,1,1.0,0.16666666666666666,0.3333333333333333,0,0,0,14,2,0.14285714285714285,0.42857142857142855,0.42857142857142855,8,3,2.0,1,-0.1222222222222222,-1.0,5.0,4.0,2.0,7,0,7,91.0,2,1,0,0,1.0,14,2,-1.0,3.3333333333333335,14.0
2023,45213126,Wonderwall,31,0,19.0,7,81.0,21.414473684210527,8,3.0,0.42857142857142855,11.2,0,4.0,flat_hcap,3496,1,-1.0,29,7,Good to Soft (Soft In Places),1,1,7.0,0.6363636363636364,5.55,5.0,flat_nonhcap,2200.0,2.0,0.2222222222222222,3.0,5.0,flat_nonhcap,2243.0,0,0,0,0,,,,4,1,1,4,0,0.0,0.75,1.0,0,0,,0,-0.20634920634920634,-1.0,,,,4,1,5,641.0,3,0,1,1,0.5,29,3,-1.0,4.0,29.0
2023,45213126,Blazeon Five,31,0,20.0,5,87.0,21.414473684210527,15,4.0,0.5,3.15,0,3.0,flat_hcap,3080,1,-1.0,17,8,Soft,1,1,2.0,0.18181818181818182,0.2,3.0,flat_hcap,3622.0,1.0,0.14285714285714285,0.0,3.0,flat_hcap,3509.0,11,5,4,1,1.0,0.45454545454545453,0.8181818181818182,0,0,0,15,5,0.3333333333333333,0.6666666666666666,0.6666666666666666,0,0,3.0,0,-0.35714285714285715,-1.0,3.0,3.0,0.0,9,0,9,78.0,3,4,0,0,1.0,17,4,-3.0,2.3333333333333335,17.0
2023,45213126,Land Of Winter (FR),31,0,21.0,7,84.0,21.414473684210527,15,9.0,0.9,40.0,0,2.0,flat_hcap,3960,1,0.0,21,10,Good (Good to Soft in places),1,1,9.0,0.8181818181818182,9.85,3.0,flat_hcap,3622.0,10.0,0.5882352941176471,26.45,2.0,flat_hcap,4497.0,14,1,14,1,1.0,0.07142857142857142,0.14285714285714285,0,0,0,15,1,0.06666666666666667,0.13333333333333333,0.14285714285714285,7,0,3.0,0,-0.31176470588235294,-1.0,0.0,3.0,0.0,9,0,9,88.0,4,1,0,0,1.0,21,9,1.0,9.333333333333334,21.0
2023,45213126,Vino Victrix,31,0,22.0,5,90.0,21.414473684210527,12,4.0,0.5,1.9,0,2.0,flat_hcap,3520,1,0.0,39,8,Good (Good to Soft in places),1,1,11.0,0.6470588235294118,35.95,2.0,flat_hcap,4497.0,9.0,0.47368421052631576,4.45,2.0,flat_hcap,3576.0,9,1,7,1,1.0,0.1111111111111111,0.4444444444444444,0,0,0,12,1,0.08333333333333333,0.4166666666666667,0.45454545454545453,7,1,3.0,0,-0.026315789473684237,0.0,-3.0,,,5,0,5,414.0,2,0,0,0,1.0,39,4,5.0,7.666666666666667,39.0
2023,45213126,The Very Man,31,0,23.0,9,100.0,21.414473684210527,19,7.0,0.23333333333333334,10.35,0,,flat_hcap,3685,1,,20,30,Soft,1,1,1.0,0.07692307692307693,0.0,,flat_nonhcap,2640.0,1.0,0.1,0.0,2.0,flat_hcap,3509.0,9,4,4,2,1.0,0.4444444444444444,0.7777777777777778,9,1,1,10,4,0.4,0.7,0.4,1,1,2.0,1,-0.13333333333333333,-1.0,8.0,2.0,0.0,6,4,10,49.0,4,3,1,1,0.5263157894736842,20,7,-6.0,3.0,20.0
2023,45213126,Jackfinbar (FR),31,0,24.0,8,105.0,21.414473684210527,5,8.0,0.26666666666666666,10.85,0,,flat_hcap,3685,1,,20,30,Soft,1,1,14.0,1.0,31.8,,flat_hcap,2820.0,12.0,0.5454545454545454,8.1,2.0,flat_hcap,3048.0,3,0,0,0,,0.0,0.0,0,0,0,5,0,0.0,0.2,0.0,2,1,,0,0.27878787878787875,1.0,2.0,,,5,0,5,,4,0,0,0,1.0,20,8,2.0,9.333333333333334,20.0
2023,45213126,Wordsworth,31,0,25.0,5,105.0,21.414473684210527,10,1.0,0.125,0.0,1,4.0,hurdle,3665,1,-1.0,10,8,Soft (Good to Soft in places),0,0,2.0,0.13333333333333333,0.2,,hurdle,3745.0,4.0,0.6666666666666666,2.75,1.0,flat_nonhcap,3563.0,8,1,3,0,4.0,0.125,0.375,2,1,1,8,1,0.125,0.375,0.0,6,2,,0,0.5416666666666666,1.0,-2.0,,,1,2,3,10.0,2,1,1,1,0.8,113 (10J),4,6.0,6.666666666666667,
2023,45213126,Goshen (FR),31,0,26.0,7,88.0,21.414473684210527,11,2.0,0.4,0.2,0,1.0,hurdle,4730,1,1.0,168,5,Soft (Good to Soft in places),0,0,5.0,1.0,38.5,1.0,hurdle,4229.0,3.0,1.0,23.0,3.0,chase,3520.0,1,0,1,0,3.0,0.0,1.0,7,1,1,2,0,0.0,1.0,1.0,1,1,,0,0.6,1.0,,,,0,3,3,329.0,0,1,0,1,0.18181818181818182,370 (168J),2,1.0,2.6666666666666665,
2023,45213126,Golden Shot,31,0,27.0,4,87.0,21.414473684210527,7,4.0,0.3076923076923077,3.0,0,4.0,flat_hcap,3520,1,-1.0,60,13,Good (Good to Soft in places),1,1,1.0,0.125,0.0,4.0,flat_hcap,3080.0,2.0,0.2,0.2,4.0,flat_hcap,3576.0,6,4,2,0,2.0,0.6666666666666666,1.0,0,0,0,7,4,0.5714285714285714,0.8571428571428571,0.8571428571428571,0,0,4.0,0,-0.1076923076923077,-1.0,15.0,4.0,0.0,4,0,4,67.0,4,2,0,0,1.0,60,4,-2.0,2.3333333333333335,60.0
2023,45213126,Temporize,31,0,28.0,4,89.0,21.414473684210527,16,1.0,0.058823529411764705,0.0,1,2.0,flat_hcap,4497,1,0.0,71,17,Soft (Good to Soft in places),1,1,2.0,0.2857142857142857,0.15,3.0,flat_hcap,3509.0,6.0,0.5,4.52,4.0,flat_hcap,2640.0,15,2,2,0,2.0,0.13333333333333333,0.5333333333333333,0,0,0,16,3,0.1875,0.5625,0.5,5,1,2.0,1,0.4411764705882353,1.0,6.0,2.0,0.0,6,0,6,71.0,3,1,0,0,1.0,71,1,5.0,3.0,71.0
2023,45213126,Motazzen,31,0,29.0,5,81.0,21.414473684210527,14,1.0,0.07142857142857142,0.0,1,2.0,flat_hcap,3080,1,0.0,18,14,Soft (Heavy in places),1,1,4.0,0.5,4.7,4.0,flat_hcap,3518.0,4.0,0.8,9.75,3.0,flat_hcap,3520.0,9,0,3,0,4.0,0.0,0.4444444444444444,0,0,0,14,1,0.07142857142857142,0.35714285714285715,0.35714285714285715,3,1,2.0,1,0.7285714285714286,1.0,3.0,2.0,0.0,8,0,8,18.0,4,1,0,0,1.0,18,1,3.0,3.0,18.0
2023,45213126,M C Muldoon,31,0,30.0,8,96.0,21.414473684210527,2,27.0,0.9,61.4,0,,flat_hcap,3685,1,,20,30,Soft,1,1,4.0,0.6666666666666666,2.15,,flat_nonhcap,3094.0,,,,,,,1,0,0,0,,0.0,0.0,0,0,0,2,0,0.0,0.0,0.0,0,0,,0,,,,,,2,0,2,,2,0,0,0,1.0,20,10,0.0,8.0,20.0
2023,45213126,Law Of The Sea,31,0,31.0,5,91.0,21.414473684210527,9,10.0,1.0,58.0,0,2.0,flat_hcap,3960,1,0.0,21,10,Good (Good to Soft in places),1,1,4.0,0.4,7.0,2.0,flat_hcap,3509.0,12.0,0.7058823529411765,42.95,2.0,flat_hcap,4497.0,7,0,5,0,2.0,0.0,0.2857142857142857,0,0,0,9,0,0.0,0.2222222222222222,0.25,9,2,,0,-0.2941176470588235,-1.0,-2.0,,,7,0,7,,3,0,0,0,1.0,21,10,0.0,8.0,21.0
2024,45577128,Alphonse Le Grande,24,1,1.0,5,87.0,33.38815789473684,21,8.0,0.26666666666666666,8.2,0,,flat_hcap,3690,1,,13,30,Good (Good to Yielding in places),1,1,11.0,0.55,20.2,,flat_hcap,3699.0,1.0,0.07142857142857142,0.0,2.0,flat_hcap,3576.0,7,3,3,2,1.0,0.42857142857142855,0.42857142857142855,5,0,1,14,4,0.2857142857142857,0.35714285714285715,0.35714285714285715,3,2,2.0,1,-0.19523809523809524,-1.0,6.0,2.0,0.0,6,0,6,105.0,2,3,0,1,0.6666666666666666,13,8,-7.0,6.333333333333333,13.0
2024,45577128,Manxman,24,0,2.0,4,86.0,33.38815789473684,13,1.0,0.09090909090909091,0.0,1,3.0,flat_hcap,3622,1,-1.0,44,11,Standard (AW - Tapeta),1,1,3.0,0.2727272727272727,1.9,3.0,flat_hcap,3114.0,3.0,0.42857142857142855,1.27,3.0,flat_hcap,3520.0,8,4,4,3,1.0,0.5,1.0,0,0,0,13,6,0.46153846153846156,0.7692307692307693,1.0,0,0,3.0,0,0.33766233766233766,1.0,6.0,3.0,0.0,4,0,4,44.0,1,1,0,0,1.0,44,1,,2.0,44.0
2024,45577128,Aqwaam,24,0,3.0,6,90.0,33.38815789473684,23,6.0,0.375,2.17,0,2.0,flat_hcap,4100,1,0.0,155,16,Good to Firm (Good in places),1,1,7.0,0.5384615384615384,12.72,2.0,flat_hcap,3518.0,1.0,0.08333333333333333,0.0,3.0,flat_hcap,3469.0,11,3,3,1,1.0,0.2727272727272727,0.7272727272727273,0,0,0,23,4,0.17391304347826086,0.4782608695652174,0.5238095238095238,5,1,3.0,0,-0.2916666666666667,-1.0,4.0,3.0,0.0,6,0,6,197.0,0,3,0,0,1.0,155,6,-5.0,4.666666666666667,155.0
2024,45577128,Run For Oscar,24,0,4.0,9,103.0,33.38815789473684,18,2.0,0.4,1.5,0,,hurdle,5280,1,,43,5,Good (Good to Firm in places),0,0,1.0,0.25,0.0,,hurdle,5500.0,2.0,0.2857142857142857,2.5,,flat_nonhcap,3094.0,12,2,6,2,1.0,0.16666666666666666,0.5,6,1,1,12,2,0.16666666666666666,0.5,0.75,8,3,2.0,1,-0.11428571428571432,-1.0,0.0,,,5,2,7,63.0,3,1,1,1,0.6666666666666666,71 (43J),2,0.0,3.0,
2024,45577128,Magellan Strait,24,0,5.0,5,98.0,33.38815789473684,17,28.0,0.9333333333333333,50.7,0,,flat_hcap,3690,1,,13,30,Good (Good to Yielding in places),1,1,2.0,0.13333333333333333,1.25,,hurdle,5500.0,2.0,0.13333333333333333,3.0,,hurdle,5380.0,11,3,6,2,1.0,0.2727272727272727,0.36363636363636365,3,0,1,14,4,0.2857142857142857,0.42857142857142855,0.14285714285714285,2,0,,0,-0.8,-1.0,-3.0,,,4,3,7,267.0,3,1,1,1,0.8235294117647058,13,10,0.0,9.0,13.0
2024,45577128,Dawn Rising,24,0,6.0,7,104.0,33.38815789473684,14,5.0,0.16666666666666666,6.0,0,,flat_hcap,3690,1,,13,30,Good (Good to Yielding in places),1,1,3.0,0.3333333333333333,8.25,2.0,flat_nonhcap,4763.0,5.0,0.8333333333333334,5.75,1.0,flat_nonhcap,3080.0,8,1,3,1,1.0,0.125,0.75,5,2,1,9,1,0.1111111111111111,0.6666666666666666,0.5,7,5,2.0,0,0.6666666666666667,1.0,-3.0,,,4,0,4,476.0,1,0,0,1,0.6428571428571429,13,5,0.0,4.333333333333333,13.0
2024,45577128,Anna Bunina (FR),24,0,7.0,8,85.0,33.38815789473684,27,5.0,0.3333333333333333,8.25,0,,hurdle,4510,1,,45,15,Good,0,1,8.0,0.4444444444444444,21.75,1.0,hurdle,4948.0,3.0,0.5,4.5,,hurdle,3620.0,2,1,1,0,8.0,0.5,0.5,22,3,1,2,1,0.5,0.5,0.5,1,0,,0,0.16666666666666669,1.0,,,,0,6,6,786.0,2,0,0,1,0.07407407407407407,749 (45J),8,-4.0,4.333333333333333,
2024,45577128,Reverend Hubert,24,0,8.0,6,84.0,33.38815789473684,16,6.0,0.8571428571428571,13.0,0,1.0,chase,4014,1,1.0,72,7,Good (Good to Yielding in places),0,0,,1.0,,,chase,3740.0,1.0,0.14285714285714285,0.0,,chase,5360.0,7,2,3,2,1.0,0.2857142857142857,0.2857142857142857,8,3,1,7,2,0.2857142857142857,0.2857142857142857,0.2857142857142857,1,0,4.0,0,-0.7142857142857142,-1.0,-1.0,,,1,4,5,125.0,2,2,1,1,0.4375,168 (72J),9,-5.0,7.333333333333333,
2024,45577128,Bashful Boy,24,0,9.0,8,84.0,33.38815789473684,31,4.0,0.4444444444444444,24.5,0,4.0,hurdle,4488,1,-1.0,9,9,Good (Good to Firm in Places),0,1,4.0,0.6666666666666666,6.65,4.0,hurdle,4784.0,10.0,0.6666666666666666,16.27,4.0,hurdle,4387.0,8,3,2,0,4.0,0.375,0.5,19,2,1,8,3,0.375,0.5,0.5,2,0,4.0,0,0.2222222222222222,1.0,-2.0,,,1,6,7,463.0,3,0,1,1,0.25806451612903225,119 (9J),5,0.0,4.666666666666667,
2024,45577128,Jacovec Cavern,24,0,10.0,5,83.0,33.38815789473684,16,2.0,0.11764705882352941,0.75,0,,flat_hcap,3630,1,,73,17,Yielding,1,1,6.0,0.75,18.75,1.0,hurdle,3520.0,8.0,0.5333333333333333,23.7,1.0,hurdle,3699.0,4,1,0,0,,0.25,0.25,4,0,1,11,2,0.18181818181818182,0.6363636363636364,0.5714285714285714,1,0,3.0,0,0.4156862745098039,1.0,6.0,,,1,0,1,722.0,1,0,0,1,0.6875,73,2,2.0,2.3333333333333335,73.0
2024,45577128,Queenstown,24,0,11.0,4,107.0,33.38815789473684,7,17.0,0.85,21.17,0,2.0,flat_hcap,3048,1,0.0,49,20,Good to Firm (Good in places),1,1,2.0,0.3333333333333333,1.0,1.0,flat_nonhcap,3080.0,2.0,0.2857142857142857,3.25,1.0,flat_nonhcap,3080.0,5,1,0,0,,0.2,1.0,0,0,0,7,1,0.14285714285714285,0.8571428571428571,0.0,4,3,,0,-0.5642857142857143,-1.0,10.0,,,4,0,4,342.0,1,1,0,0,1.0,49,10,-8.0,4.666666666666667,49.0
2024,45577128,Sea Of Sands (GER),24,0,12.0,6,97.0,33.38815789473684,1,1.0,0.09090909090909091,0.0,1,,hurdle,3520,1,,17,11,Yielding to Soft,0,0,,,,,,,,,,,,,0,0,0,0,,,,1,1,1,0,0,,,,0,0,,0,,,,,,0,1,1,17.0,1,1,0,0,0.0,793 (17J),5,4.0,7.333333333333333,
2024,45577128,Trooper Bisdee,24,0,13.0,4,92.0,33.38815789473684,14,4.0,0.36363636363636365,9.0,0,2.0,flat_hcap,3960,1,0.0,21,11,Good to Firm,1,1,12.0,0.6,12.25,2.0,flat_hcap,3576.0,1.0,0.14285714285714285,0.0,4.0,flat_hcap,3962.0,8,5,6,4,1.0,0.625,0.625,0,0,0,14,6,0.42857142857142855,0.5,0.6363636363636364,2,0,4.0,0,-0.2207792207792208,-1.0,7.0,4.0,0.0,4,0,4,111.0,1,2,0,0,1.0,21,4,-3.0,5.0,21.0
2024,45577128,Evaluation,24,0,14.0,6,91.0,33.38815789473684,16,5.0,0.625,2.25,0,2.0,flat_hcap,3195,1,0.0,29,8,Good to Soft (Good In Places),1,1,10.0,0.625,7.65,2.0,flat_hcap,3576.0,2.0,0.1,2.5,2.0,flat_hcap,3576.0,15,5,9,3,1.0,0.3333333333333333,0.4666666666666667,0,0,0,16,5,0.3125,0.4375,0.4375,9,1,4.0,0,-0.525,-1.0,3.0,4.0,0.0,6,0,6,172.0,2,1,0,0,1.0,29,5,-3.0,5.666666666666667,29.0
2024,45577128,The Shunter,24,0,15.0,11,99.0,33.38815789473684,14,5.0,0.4166666666666667,10.15,0,,hurdle,5380,1,,321,12,Soft,0,1,1.0,0.03225806451612903,0.0,2.0,flat_hcap,3960.0,4.0,0.6666666666666666,6.25,,flat_hcap,2740.0,5,2,3,1,1.0,0.4,0.6,8,0,1,6,2,0.3333333333333333,0.5,0.3333333333333333,1,1,2.0,1,0.24999999999999994,1.0,6.0,2.0,0.0,0,0,0,364.0,0,1,0,1,0.42857142857142855,364 (321J),1,3.0,3.0,
2024,45577128,Premiere Ligne (FR),24,0,16.0,5,84.0,33.38815789473684,12,2.0,0.18181818181818182,0.75,0,2.0,flat_hcap,3960,1,0.0,21,11,Good to Firm,1,1,2.0,0.1111111111111111,1.75,2.0,flat_hcap,4497.0,2.0,0.25,0.2,4.0,flat_hcap,2645.0,4,0,1,0,2.0,0.0,0.5,0,0,0,12,1,0.08333333333333333,0.5833333333333334,0.5833333333333334,2,2,5.0,0,0.06818181818181818,0.0,5.0,5.0,0.0,6,0,6,142.0,2,1,0,0,1.0,21,2,0.0,2.0,21.0
2024,45577128,Zealandia (FR),24,0,17.0,7,88.0,33.38815789473684,15,7.0,0.6363636363636364,16.72,0,2.0,flat_hcap,3496,1,0.0,28,11,Soft (Good to Soft in places),1,1,5.0,0.5,4.65,2.0,flat_hcap,3509.0,20.0,1.0,50.15,2.0,flat_hcap,3576.0,11,2,4,1,1.0,0.18181818181818182,0.36363636363636365,0,0,0,15,3,0.2,0.3333333333333333,0.3333333333333333,11,2,2.0,1,0.36363636363636365,1.0,-3.0,2.0,0.0,6,0,6,285.0,2,1,0,0,1.0,28,7,3.0,7.333333333333333,28.0
2024,45577128,Samui,24,0,18.0,5,105.0,33.38815789473684,18,3.0,0.6,12.5,0,1.0,flat_nonhcap,3520,1,1.0,16,5,Soft,1,0,3.0,0.42857142857142855,3.75,1.0,flat_nonhcap,3167.0,2.0,0.125,2.0,2.0,flat_hcap,3576.0,5,1,2,1,1.0,0.2,1.0,10,2,1,7,2,0.2857142857142857,1.0,1.0,3,3,,0,-0.475,-1.0,3.0,,,7,3,10,88.0,4,2,1,1,0.3888888888888889,16,3,-1.0,2.6666666666666665,16.0
2024,45577128,Spirit Mixer,24,0,19.0,6,91.0,33.38815789473684,19,1.0,0.09090909090909091,0.0,1,2.0,flat_hcap,3496,1,0.0,28,11,Soft (Good to Soft in places),1,1,1.0,0.1111111111111111,0.0,4.0,flat_hcap,3496.0,8.0,0.5,5.9,2.0,flat_hcap,3576.0,18,4,7,0,2.0,0.2222222222222222,0.3333333333333333,0,0,0,19,5,0.2631578947368421,0.3684210526315789,0.3684210526315789,13,2,2.0,1,0.40909090909090906,1.0,6.0,2.0,0.0,11,0,11,28.0,6,2,0,0,1.0,28,1,7.0,3.3333333333333335,28.0
2024,45577128,Story Horse,24,0,20.0,4,83.0,33.38815789473684,15,5.0,0.45454545454545453,9.5,0,2.0,flat_hcap,3960,1,0.0,21,11,Good to Firm,1,1,2.0,0.2857142857142857,0.2,3.0,flat_hcap,3101.0,4.0,0.5,3.75,3.0,flat_hcap,2519.0,8,1,0,0,,0.125,0.625,0,0,0,15,2,0.13333333333333333,0.4,0.45454545454545453,1,0,4.0,0,0.04545454545454547,0.0,1.0,4.0,0.0,9,0,9,85.0,5,2,0,0,1.0,21,5,-1.0,3.6666666666666665,21.0
2024,45577128,Lady Percival,24,0,21.0,6,83.0,33.38815789473684,15,4.0,0.3076923076923077,8.25,0,4.0,flat_hcap,3518,1,-1.0,35,13,Standard / Slow (AW - Polytrack),1,1,9.0,0.9,37.2,4.0,flat_hcap,3080.0,10.0,0.7142857142857143,12.6,1.0,flat_nonhcap,2861.0,12,3,1,0,2.0,0.25,0.6666666666666666,0,0,0,15,3,0.2,0.5333333333333333,0.6153846153846154,2,0,4.0,0,0.4065934065934066,1.0,2.0,,,2,0,2,407.0,2,0,0,0,1.0,35,4,6.0,7.666666666666667,35.0
2024,45577128,Shagpyle,24,0,22.0,4,86.0,33.38815789473684,10,11.0,1.0,37.25,0,2.0,flat_hcap,3960,1,0.0,21,11,Good to Firm,1,1,8.0,0.7272727272727273,8.55,3.0,flat_hcap,3622.0,5.0,0.5,2.9,2.0,flat_hcap,3630.0,5,1,3,1,1.0,0.2,0.4,0,0,0,10,2,0.2,0.4,0.3333333333333333,5,1,4.0,0,-0.5,-1.0,0.0,4.0,0.0,6,0,6,111.0,3,1,0,0,1.0,21,10,-5.0,7.666666666666667,21.0
2024,45577128,Roberto Escobarr,24,0,23.0,7,103.0,33.38815789473684,8,8.0,0.7272727272727273,18.97,0,2.0,flat_hcap,3496,1,0.0,28,11,Soft (Good to Soft in places),1,1,5.0,1.0,17.75,1.0,flat_nonhcap,2921.0,6.0,1.0,58.0,1.0,flat_nonhcap,3570.0,7,1,4,1,1.0,0.14285714285714285,0.42857142857142855,0,0,0,8,1,0.125,0.375,0.0,8,3,1.0,0,0.2727272727272727,1.0,-4.0,,,4,0,4,506.0,2,0,0,0,1.0,28,8,-2.0,6.333333333333333,28.0
2024,45577128,Ndaawi,24,0,24.0,4,92.0,33.38815789473684,14,2.0,0.10526315789473684,7.0,0,1.0,hurdle,3531,1,1.0,72,19,Good (Good to Yielding in places),0,1,1.0,0.07692307692307693,0.0,,flat_nonhcap,2640.0,7.0,0.35,11.5,2.0,flat_hcap,4390.0,5,1,1,0,7.0,0.2,0.2,5,0,1,8,3,0.375,0.5,0.0,5,1,2.0,0,0.24473684210526314,1.0,-1.0,,,2,5,7,83.0,2,2,1,1,0.5714285714285714,83 (72J),1,4.0,4.333333333333333,
2025,45941119,Beylerbeyi,19,1,1.0,5,91.0,45.36184210526316,34,3.0,0.21428571428571427,0.95,0,2.0,flat_hcap,2921,1,0.0,21,14,Good to Soft (Soft in places),1,1,2.0,0.15384615384615385,0.5,2.0,flat_hcap,3195.0,4.0,0.5,2.22,2.0,flat_hcap,2655.0,4,2,0,0,,0.5,0.75,1,0,1,32,7,0.21875,0.5,0.5,3,2,3.0,0,0.2857142857142857,1.0,0.0,3.0,0.0,10,0,10,65.0,6,4,0,1,0.9411764705882353,21,3,1.0,3.0,21.0
2025,45941119,Dawn Rising,19,0,2.0,8,97.0,45.36184210526316,22,5.0,0.16666666666666666,5.2,0,,flat_hcap,3690,1,,13,30,Yielding,1,1,4.0,0.2,5.3,,flat_hcap,3699.0,14.0,0.7,10.47,2.0,flat_hcap,4390.0,14,2,9,2,1.0,0.14285714285714285,0.5,6,2,1,16,2,0.125,0.4375,0.14285714285714285,12,6,1.0,0,0.5333333333333333,1.0,-3.0,1.0,0.0,5,0,5,342.0,2,1,0,1,0.7272727272727273,13,5,5.0,6.333333333333333,13.0
2025,45941119,Bunting (FR),19,0,3.0,5,95.0,45.36184210526316,11,5.0,0.29411764705882354,1.95,0,,flat_hcap,2860,1,,28,17,Good to Yielding,1,1,4.0,0.5714285714285714,10.75,,flat_nonhcap,3094.0,10.0,1.0,20.7,2.0,hurdle,4353.0,2,0,0,0,,0.0,0.5,8,1,1,3,0,0.0,0.3333333333333333,0.0,0,0,,0,0.7058823529411764,1.0,,,,2,4,6,655.0,2,0,1,1,0.2727272727272727,28,5,5.0,6.333333333333333,28.0
2025,45941119,Divine Comedy,19,0,4.0,7,99.0,45.36184210526316,21,2.0,0.3333333333333333,1.0,0,2.0,flat_hcap,3520,1,0.0,39,6,Heavy (Soft in places),1,1,5.0,0.25,1.7,2.0,flat_hcap,4390.0,10.0,0.6666666666666666,9.35,2.0,flat_hcap,4100.0,14,4,6,1,1.0,0.2857142857142857,0.6428571428571429,0,0,0,21,6,0.2857142857142857,0.7619047619047619,0.7368421052631579,10,6,2.0,1,0.3333333333333333,1.0,-2.0,,,5,0,5,504.0,1,0,0,0,1.0,39,2,8.0,5.666666666666667,39.0
2025,45941119,Reverend Hubert,19,0,5.0,7,83.0,45.36184210526316,25,1.0,0.1111111111111111,0.0,1,2.0,flat_hcap,3960,1,0.0,21,9,Good,1,1,3.0,0.6,1.95,,hurdle,5280.0,1.0,0.25,0.0,,hurdle,5500.0,10,2,6,2,1.0,0.2,0.2,13,4,1,11,3,0.2727272727272727,0.2727272727272727,0.2727272727272727,3,1,2.0,1,0.1388888888888889,1.0,1.0,2.0,0.0,3,4,7,21.0,4,2,1,1,0.44,21,1,9.0,6.666666666666667,21.0
2025,45941119,Ndaawi,19,0,6.0,5,89.0,45.36184210526316,18,4.0,0.36363636363636365,1.2,0,2.0,flat_hcap,3496,1,0.0,28,11,Good to Soft,1,1,2.0,0.10526315789473684,0.15,1.0,hurdle,3531.0,2.0,0.125,1.5,1.0,hurdle,3699.0,6,1,2,0,7.0,0.16666666666666666,0.16666666666666666,7,0,1,10,3,0.3,0.4,0.0,7,1,2.0,0,-0.23863636363636365,-1.0,-2.0,,,1,2,3,447.0,2,0,1,1,0.5555555555555556,28,4,-3.0,5.0,28.0
2025,45941119,Belgravian,19,0,7.0,3,91.0,45.36184210526316,10,3.0,0.3333333333333333,8.15,0,2.0,flat_hcap,3960,1,0.0,21,9,Good,1,1,1.0,0.2,0.0,3.0,flat_hcap,3520.0,1.0,0.2,0.0,4.0,flat_hcap,3566.0,5,3,3,3,1.0,0.6,1.0,0,0,0,10,4,0.4,0.7,1.0,1,1,3.0,0,-0.1333333333333333,-1.0,12.0,3.0,0.0,9,0,9,48.0,4,4,0,0,1.0,21,3,-2.0,1.6666666666666667,21.0
2025,45941119,Alphonse Le Grande,19,0,8.0,6,93.0,45.36184210526316,25,5.0,0.38461538461538464,2.9,0,2.0,flat_hcap,3576,1,0.0,52,13,Good to Firm (Good in places),1,1,8.0,0.4,2.77,2.0,flat_hcap,4390.0,12.0,0.6,15.27,,flat_hcap,3080.0,11,4,6,3,1.0,0.36363636363636365,0.36363636363636365,5,0,1,18,5,0.2777777777777778,0.3333333333333333,0.3333333333333333,6,3,2.0,1,0.21538461538461534,1.0,0.0,2.0,0.0,3,0,3,364.0,1,1,0,1,0.72,52,5,5.0,7.666666666666667,52.0
2025,45941119,Winter Fog,19,0,9.0,11,85.0,45.36184210526316,25,1.0,0.1,0.0,1,,flat_nonhcap,3520,1,,58,10,Good,1,0,11.0,0.5789473684210527,27.1,1.0,hurdle,3531.0,5.0,0.4166666666666667,7.15,1.0,hurdle,3520.0,2,0,1,0,2.0,0.0,1.0,22,4,1,3,1,0.3333333333333333,1.0,,0,0,,0,0.31666666666666665,1.0,,,,1,5,6,58.0,2,1,1,1,0.12,58,2,,2.0,58.0
2025,45941119,The Shunter,19,0,10.0,12,97.0,45.36184210526316,17,9.0,0.45,9.4,0,,flat_hcap,3699,1,,75,20,Yielding,1,1,3.0,0.6,6.0,1.0,flat_nonhcap,3591.0,15.0,0.625,17.67,2.0,flat_hcap,3960.0,7,2,5,1,1.0,0.2857142857142857,0.5714285714285714,8,0,1,9,2,0.2222222222222222,0.4444444444444444,0.2,3,2,2.0,1,0.175,1.0,-2.0,,,1,0,1,728.0,1,0,0,1,0.5294117647058824,75,9,1.0,7.333333333333333,75.0
2025,45941119,Bashful Boy,19,0,11.0,9,82.0,45.36184210526316,39,5.0,0.5555555555555556,14.65,0,2.0,flat_hcap,3960,1,0.0,21,9,Good,1,1,3.0,0.375,3.5,4.0,flat_hcap,3988.0,4.0,0.3333333333333333,14.75,2.0,flat_hcap,4497.0,14,3,8,0,3.0,0.21428571428571427,0.42857142857142855,20,2,1,15,3,0.2,0.4,0.4,6,0,4.0,0,-0.22222222222222227,-1.0,1.0,,,6,0,6,827.0,3,0,0,1,0.38461538461538464,21,5,-1.0,4.0,21.0
2025,45941119,Hipop De Loire (FR),19,0,12.0,8,106.0,45.36184210526316,6,3.0,0.375,5.75,0,1.0,flat_nonhcap,3937,1,1.0,29,8,Good to Soft (Good in places),1,0,6.0,0.2727272727272727,5.0,2.0,flat_hcap,3048.0,1.0,0.0625,0.0,,hurdle,4840.0,3,0,0,0,,0.0,0.0,2,1,1,4,0,0.0,0.25,0.0,4,1,,0,-0.3125,-1.0,0.0,,,3,1,4,73.0,3,1,1,1,0.6666666666666666,29,3,1.0,4.333333333333333,29.0
2025,45941119,Pole Star,19,0,13.0,3,91.0,45.36184210526316,8,5.0,0.5,5.15,0,2.0,flat_hcap,3081,1,0.0,35,10,Good,1,1,6.0,0.5,5.12,2.0,flat_hcap,3048.0,1.0,0.1111111111111111,0.0,3.0,flat_hcap,3097.0,6,2,0,0,,0.3333333333333333,0.5,0,0,0,8,3,0.375,0.5,0.4,6,2,2.0,1,-0.3888888888888889,-1.0,4.0,2.0,0.0,8,0,8,79.0,3,3,0,0,1.0,35,5,-4.0,4.0,35.0
2025,45941119,Mordor (FR),19,0,14.0,5,88.0,45.36184210526316,24,2.0,0.09523809523809523,4.5,0,,flat_nonhcap,2640,1,,42,21,Good to Yielding,1,0,2.0,0.16666666666666666,9.5,2.0,flat_hcap,4497.0,10.0,0.4,6.47,,flat_hcap,3520.0,5,2,3,1,1.0,0.4,0.8,13,2,1,11,2,0.18181818181818182,0.7272727272727273,0.6666666666666666,2,2,,0,0.3047619047619048,1.0,0.0,,,5,2,7,151.0,2,1,1,1,0.4583333333333333,42,2,8.0,4.666666666666667,42.0
2025,45941119,Vaguely Royal,19,0,15.0,5,84.0,45.36184210526316,22,16.0,0.8421052631578947,8.42,0,2.0,flat_hcap,3576,1,0.0,105,19,Standard (AW - Tapeta),1,1,12.0,0.8,13.6,2.0,flat_hcap,4100.0,3.0,0.42857142857142855,11.5,4.0,hurdle,3624.0,10,2,3,0,3.0,0.2,0.5,3,0,1,17,3,0.17647058823529413,0.5294117647058824,0.38461538461538464,10,3,2.0,1,-0.41353383458646614,-1.0,-9.0,,,3,1,4,349.0,0,1,1,1,0.7727272727272727,105,10,-7.0,7.666666666666667,105.0
2025,45941119,Caprelo,19,0,16.0,4,82.0,45.36184210526316,14,1.0,0.1111111111111111,0.0,1,4.0,flat_hcap,3518,1,-1.0,35,9,Standard / Slow (AW - Polytrack),1,1,3.0,0.3333333333333333,1.2,3.0,flat_hcap,3097.0,6.0,0.3157894736842105,2.15,2.0,flat_hcap,3576.0,6,1,1,0,6.0,0.16666666666666666,0.3333333333333333,0,0,0,14,3,0.21428571428571427,0.42857142857142855,0.5454545454545454,2,0,4.0,0,0.2046783625730994,1.0,6.0,4.0,0.0,6,0,6,35.0,2,2,0,0,1.0,35,1,5.0,3.3333333333333335,35.0
2025,45941119,Fireblade,19,0,17.0,4,90.0,45.36184210526316,14,3.0,0.3,0.04,0,3.0,flat_hcap,3576,1,-1.0,34,10,Good,1,1,9.0,0.6923076923076923,7.47,2.0,flat_hcap,3576.0,1.0,0.1111111111111111,0.0,2.0,flat_hcap,3509.0,8,1,1,0,9.0,0.125,0.875,0,0,0,14,2,0.14285714285714285,0.7857142857142857,0.75,2,1,2.0,1,-0.18888888888888888,-1.0,5.0,2.0,0.0,10,0,10,63.0,4,2,0,0,1.0,34,3,-2.0,4.333333333333333,34.0
2025,45941119,Barnso,19,0,18.0,4,98.0,45.36184210526316,14,6.0,0.42857142857142855,5.7,0,2.0,flat_hcap,3080,1,0.0,70,14,Good to Soft (Good in places),1,1,4.0,0.25,3.05,2.0,flat_hcap,3114.0,4.0,0.6666666666666666,4.55,1.0,flat_nonhcap,3080.0,6,0,0,0,,0.0,0.5,0,0,0,14,2,0.14285714285714285,0.5,0.3333333333333333,4,1,,0,0.23809523809523808,1.0,0.0,,,4,0,4,499.0,1,0,0,0,1.0,70,6,-2.0,4.666666666666667,70.0
2025,45941119,Seddon,19,0,19.0,12,87.0,45.36184210526316,24,9.0,0.6428571428571429,34.8,0,1.0,chase,4480,1,1.0,164,14,Yielding,0,1,10.0,0.5,19.9,1.0,chase,4527.0,3.0,0.375,11.75,1.0,chase,4527.0,4,2,3,1,1.0,0.5,0.5,19,5,1,4,2,0.5,0.5,0.0,0,0,,0,-0.2678571428571429,-1.0,,,,0,3,3,379.0,0,0,0,1,0.16666666666666666,363 (164J),9,-8.0,3.6666666666666665,
