attr,n_winners,avg_pct,eff_pct,std_sep,dir,consistent_yrs,top2_conc,pass_pct,pass_dir,pass_comp,verdict,fieldwide_rho,pct_by_year,effect,eff_pct_ex22,consist_ex22,verdict_ex22,corr_filter
f_winrate16,4,69.3,69.3,0.93,high,3/4,4,True,True,True,STRONG,0.16,25/83/83/87,0.6945295414334249,84.1,3/3,STRONG,KEEP
l_yards,4,26.3,73.7,-0.59,low,3/4,25,True,True,True,STRONG,-0.0,38/6/50/11,0.4393178325718256,77.7,2/3,CONDITIONAL,KEEP
r2_btn,4,60.2,60.2,0.53,high,3/4,7,True,True,True,STRONG,-0.01,57/87/86/11,0.3959405006946999,61.2,2/3,CONDITIONAL,KEEP
dual_career,4,62.6,62.6,0.5,high,3/4,44,True,True,True,STRONG,0.31,33/79/75/63,0.375,72.4,3/3,STRONG,KEEP
f_runs16,4,28.6,71.4,-0.32,low,4/4,65,True,True,True,STRONG,0.06,33/21/42/18,0.32007575757575757,73.0,3/3,STRONG,KEEP
j_any,4,62.1,62.1,0.38,high,3/4,45,True,True,True,STRONG,0.32,33/79/73/63,0.28125,71.7,3/3,STRONG,drop (rho>0.70 vs dual_career)
c_flat_winrate,4,62.9,62.9,0.33,high,3/4,2,True,True,True,STRONG,0.16,71/74/59/47,0.2442499967065504,60.1,2/3,CONDITIONAL,drop (rho>0.70 vs f_winrate16)
form_trend3,4,62.4,62.4,0.32,high,3/4,37,True,True,True,STRONG,0.11,84/62/35/68,0.2380396239704749,55.1,2/3,REJECTED,KEEP
l_pprop,4,33.6,66.4,-0.16,low,3/4,64,True,True,True,STRONG,0.19,5/74/29/26,0.1206981735369894,56.8,2/3,REJECTED,KEEP
l_field,4,55.0,55.0,0.9,high,3/4,12,False,True,True,CONDITIONAL,-0.06,52/13/92/63,0.6776098901098901,55.9,2/3,REJECTED,KEEP
c_flat_wins,4,68.6,68.6,1.22,high,2/4,9,True,False,True,CONDITIONAL,0.17,55/50/75/95,0.6111111111111112,73.2,2/3,CONDITIONAL,drop (rho>0.70 vs f_winrate16)
wins_365d,4,64.4,64.4,0.61,high,2/4,6,True,False,True,CONDITIONAL,0.08,52/19/94/92,0.3041666666666667,68.4,2/3,CONDITIONAL,KEEP
or_chg3,3,69.2,69.2,0.44,high,2/3,24,True,False,True,CONDITIONAL,0.1,87/77/44,0.29629629629629634,,,,KEEP
dual_cy,4,44.6,55.4,0.25,low,3/4,68,False,True,True,CONDITIONAL,-0.22,33/81/35/29,0.1875,51.7,2/3,REJECTED,drop (rho>0.70 vs dual_career)
l_btn,4,32.4,67.6,-0.16,low,3/4,92,True,True,False,CONDITIONAL,0.22,12/55/42/21,0.11770566800794219,60.8,2/3,REJECTED,drop (rho>0.70 vs l_pprop)
r3_pprop,4,54.9,54.9,0.16,high,3/4,29,False,True,True,CONDITIONAL,-0.06,74/83/0/63,0.11704309404237487,51.4,1/3,REJECTED,drop (rho>0.70 vs form_trend3)
r3_class,3,35.3,64.7,-0.19,low,1/3,66,True,False,True,CONDITIONAL,0.15,12/44/50,0.06349206349206349,64.7,1/3,CONDITIONAL,KEEP
days_since_win,4,46.4,53.6,0.02,low,3/4,69,False,True,True,CONDITIONAL,-0.04,38/92/29/26,0.01855352895450197,51.0,2/3,REJECTED,KEEP
c_won_cl2plus_hcap,4,46.5,53.5,0.6,low,3/4,73,False,True,False,REJECTED,-0.03,36/34/88/29,0.4519693748358109,50.1,1/3,REJECTED,-
c_flat_runs,4,54.5,54.5,0.67,high,2/4,4,False,False,True,REJECTED,-0.03,31/26/67/95,0.33413461538461536,62.4,2/3,CONDITIONAL,-
age,4,60.0,60.0,0.64,high,2/4,15,False,False,True,REJECTED,0.16,76/94/33/37,0.3194444444444444,54.6,1/3,REJECTED,-
c_best_class_won,3,58.6,58.6,0.39,high,2/3,26,False,False,True,REJECTED,-0.05,82/21/73,0.25925925925925924,,,,-
best_class_won_12m,3,54.7,54.7,0.39,high,2/3,29,False,False,True,REJECTED,-0.05,82/14/69,0.25925925925925924,,,,-
l_days,4,46.6,53.4,0.51,low,2/4,95,False,False,False,REJECTED,-0.0,81/84/8/13,0.25576397646069776,64.9,2/3,REJECTED,-
j_runs2m,4,53.9,53.9,0.41,high,2/4,12,False,False,True,REJECTED,0.25,33/84/67/32,0.20535714285714285,60.7,2/3,CONDITIONAL,-
r2_pos,4,56.0,56.0,0.37,high,2/4,10,False,False,True,REJECTED,-0.04,31/92/91/11,0.1838768115942029,64.4,2/3,CONDITIONAL,-
prop_flat,4,42.5,57.5,-0.34,low,2/4,12,False,False,True,REJECTED,0.23,62/10/35/63,0.17119933894086,63.9,2/3,CONDITIONAL,-
f_placerate16,4,56.6,56.6,0.29,high,2/4,31,False,False,True,REJECTED,0.15,48/72/33/74,0.14315231530977582,59.6,2/3,REJECTED,-
r3_pos,4,44.9,55.1,0.27,low,2/4,82,False,False,False,REJECTED,0.07,89/36/7/47,0.13541666666666666,70.0,2/3,REJECTED,-
rr_form_trend3,4,55.9,55.9,0.27,high,2/4,30,False,False,True,REJECTED,0.13,95/74/4/50,0.1337121212121212,57.2,1/3,REJECTED,-
f_runs2m,4,35.2,64.8,-0.25,low,2/4,83,True,False,False,REJECTED,-0.04,43/35/52/11,0.125,67.3,2/3,REJECTED,-
c_cl12_runs,4,28.2,71.8,-0.22,low,2/4,74,True,False,False,REJECTED,0.08,7/11/52/42,0.10790598290598291,64.8,1/3,CONDITIONAL,-
c_flat_top3_hcap,4,44.5,55.5,-0.2,low,2/4,48,False,False,True,REJECTED,-0.13,67/10/35/67,0.09985747832944293,62.9,2/3,CONDITIONAL,-
c_flat_top3,4,42.3,57.7,-0.19,low,2/4,35,False,False,True,REJECTED,-0.07,67/39/9/55,0.09288679359689547,65.8,2/3,CONDITIONAL,-
runs_flat_cy,4,51.4,51.4,0.15,high,2/4,11,False,False,True,REJECTED,-0.12,31/10/73/92,0.07519257703081231,58.2,2/3,REJECTED,-
r2_yards,4,54.1,54.1,0.15,high,2/4,24,False,False,True,REJECTED,0.22,52/77/61/26,0.0731900294312709,54.6,2/3,REJECTED,-
l_won,4,50.8,50.8,0.25,high,1/4,19,False,False,True,REJECTED,0.1,83/39/42/39,0.0625,60.0,3/3,CONDITIONAL,-
runs_cy,4,44.6,55.4,0.12,low,2/4,51,False,False,True,REJECTED,0.04,19/13/54/92,0.0625,53.1,1/3,REJECTED,-
runs_90d,4,43.4,56.6,0.12,low,2/4,62,False,False,True,REJECTED,0.16,19/10/50/95,0.0625,51.5,1/3,REJECTED,-
rr_last_fig,4,41.8,58.2,-0.1,low,2/4,55,False,False,True,REJECTED,0.18,10/48/75/34,0.05,52.5,1/3,REJECTED,-
r3_btn,4,47.0,53.0,0.09,low,2/4,96,False,False,False,REJECTED,0.1,79/66/7/37,0.04374126360287311,63.7,2/3,REJECTED,-
c_cl12_winplace,4,44.6,55.4,0.17,low,1/4,82,False,False,False,REJECTED,-0.01,26/18/69/66,0.041666666666666664,50.8,2/3,REJECTED,-
f_wins16,4,52.6,52.6,0.12,high,1/4,12,False,False,True,REJECTED,0.12,26/58/71/55,0.03125,61.4,1/3,CONDITIONAL,-
form_dir3,4,53.8,53.8,0.12,high,1/4,61,False,False,True,REJECTED,0.03,74/53/20/68,0.03125,52.9,1/3,REJECTED,-
r2_pprop,4,47.5,52.5,-0.04,low,2/4,47,False,False,True,REJECTED,0.08,40/83/61/5,0.018814895327306902,50.2,1/3,REJECTED,-
r3_yards,4,40.3,59.7,-0.02,low,2/4,49,False,False,True,REJECTED,-0.16,16/93/52/0,0.010319649033790568,51.6,1/3,REJECTED,-
l_pos,4,44.3,55.7,0.01,low,2/4,96,False,False,False,REJECTED,0.13,12/50/81/34,0.006985294117647062,55.2,1/3,REJECTED,-
rr_form_avg3,4,46.2,53.8,0.01,low,1/4,48,False,False,True,REJECTED,0.06,52/53/69/11,0.0029761904761904795,55.8,1/3,REJECTED,-
l_staying,4,48.2,51.8,0.0,low,0/4,1,False,False,True,REJECTED,0.14,48/50/48/47,0.0,51.6,0/3,REJECTED,-
l_is_flat,4,53.5,53.5,0.0,high,4/4,88,False,True,False,REJECTED,0.23,50/52/62/50,0.0,54.7,3/3,REJECTED,-
l_is_hcap,4,55.1,55.1,0.0,high,4/4,85,False,True,False,REJECTED,0.02,52/56/56/55,0.0,56.0,3/3,REJECTED,-
f_wins2m,4,43.6,56.4,0.12,low,0/4,85,False,False,False,REJECTED,-0.14,36/35/77/26,0.0,53.7,0/3,REJECTED,-
f_best_pos2m,3,45.3,54.7,0.17,low,0/3,87,False,False,False,REJECTED,0.17,40/63/32,0.0,,,,-
j_wins2m,4,34.7,65.3,0.0,low,0/4,85,True,False,False,REJECTED,-0.05,45/34/33/26,0.0,68.8,0/3,REJECTED,-
runs_jumps_cy,4,41.3,58.7,0.25,low,0/4,83,False,False,False,REJECTED,-0.17,33/74/31/26,0.0,56.1,0/3,REJECTED,-
best_class_won_12m_gap,3,44.9,55.1,,low,3/3,98,False,True,False,REJECTED,-0.04,45/45/44,,,,,-
