,f_winrate16,l_yards,r2_btn,dual_career,f_runs16,j_any,c_flat_winrate,form_trend3,l_pprop,l_field,c_flat_wins,wins_365d,or_chg3,dual_cy,l_btn,r3_pprop,r3_class,days_since_win
f_winrate16,1.0,-0.03085703548308134,-0.26160457747248694,0.135094853586945,0.2896183005702338,0.135094853586945,0.8352343745798216,-0.2667472492263381,0.03361923895500637,0.07619751080590308,0.7868605164641389,0.4851288567898872,0.39210069969950584,-0.03459037799387398,0.10317200475748387,-0.36806326999645755,0.24405256194471614,0.06521492239877269
l_yards,-0.03085703548308134,1.0,-0.01559627428859536,0.1778256709598011,0.06952291667926731,0.16815032375316213,-0.04264699854194143,-0.06429671706492927,0.008036966489398716,0.028381747519715332,-0.057237198001571024,-0.047654810396521155,0.0156572117511856,0.010762183502184242,0.08652570623609285,-0.07339790941045622,0.16217790222190664,-0.017934181928619307
r2_btn,-0.26160457747248694,-0.01559627428859536,1.0,0.03007893636882927,-0.17506363887890136,0.03007893636882927,-0.3336044193877856,-0.006095433108384668,0.2436709120048658,0.034552270181537295,-0.3633572443221032,-0.3793642546934017,-0.32781652824614405,-0.04937025612130804,0.21609894782264572,0.19337652655088777,-0.15221552207452776,0.3834273705490797
dual_career,0.135094853586945,0.1778256709598011,0.03007893636882927,1.0,-0.17879050773504027,0.9789356722791995,0.10761946051620737,-0.0055822008905314045,-0.053352212768648585,0.09235478476649499,-0.0031561228577263816,-0.04546484842144492,-0.1521943275483688,0.7631628806602051,0.06398549914623892,-0.10784557536297604,-0.3179902800934871,0.24910004517325338
f_runs16,0.2896183005702338,0.06952291667926731,-0.17506363887890136,-0.17879050773504027,1.0,-0.21360395539055968,0.24918814506312056,-0.13857191770668575,0.06120916378855231,0.10223291082769062,0.6378508293176316,0.21740460083175428,-0.16163945955920686,-0.21505827822484727,0.06172382718696937,-0.0761674771066526,0.2081561763987998,0.007424448173320914
j_any,0.135094853586945,0.16815032375316213,0.03007893636882927,0.9789356722791995,-0.21360395539055968,1.0,0.10761946051620737,-0.0055822008905314045,-0.08602108050968196,0.09524544845043474,-0.03149057429438049,-0.0429329045090124,-0.1521943275483688,0.7470873676376284,0.034049204553955985,-0.10784557536297604,-0.3179902800934871,0.20842074534405386
c_flat_winrate,0.8352343745798216,-0.04264699854194143,-0.3336044193877856,0.10761946051620737,0.24918814506312056,0.10761946051620737,1.0,-0.12545011435786457,-0.1970200829371773,0.0009972285625311713,0.8030094861439567,0.5513691270484382,0.5347311290773537,0.02075359333267279,-0.13263675477673295,-0.32617188482264153,0.15634143092930583,-0.19675147592445466
form_trend3,-0.2667472492263381,-0.06429671706492927,-0.006095433108384668,-0.0055822008905314045,-0.13857191770668575,-0.0055822008905314045,-0.12545011435786457,1.0,-0.6563345872217355,0.13574562747525556,-0.16592271141857232,-0.206677216013801,-0.045603365609329975,-0.12675582620230097,-0.5299490642911013,0.7239852606651821,-0.14895986275698714,-0.1403861139200439
l_pprop,0.03361923895500637,0.008036966489398716,0.2436709120048658,-0.053352212768648585,0.06120916378855231,-0.08602108050968196,-0.1970200829371773,-0.6563345872217355,1.0,-0.19704082149782215,-0.11662611778717406,-0.25727337611517825,-0.4241872947918903,-0.049980891076872425,0.8128063304646476,-0.016797271322690214,-0.03445481216186893,0.5459055028001888
l_field,0.07619751080590308,0.028381747519715332,0.034552270181537295,0.09235478476649499,0.10223291082769062,0.09524544845043474,0.0009972285625311713,0.13574562747525556,-0.19704082149782215,1.0,0.1251838920843826,-0.009312343206377395,-0.023305436705068672,-0.07752991794366669,0.15878963105765523,0.010130009214492891,0.057342341877831944,0.1265639931988349
c_flat_wins,0.7868605164641389,-0.057237198001571024,-0.3633572443221032,-0.0031561228577263816,0.6378508293176316,-0.03149057429438049,0.8030094861439567,-0.16592271141857232,-0.11662611778717406,0.1251838920843826,1.0,0.5757456263924426,0.34079461047331316,-0.10874990690367227,-0.08914642775347197,-0.34860452614624365,0.31190297099991454,-0.11940521639221688
wins_365d,0.4851288567898872,-0.047654810396521155,-0.3793642546934017,-0.04546484842144492,0.21740460083175428,-0.0429329045090124,0.5513691270484382,-0.206677216013801,-0.25727337611517825,-0.009312343206377395,0.5757456263924426,1.0,0.5818223579044237,0.02775766775207159,-0.2867634384956955,-0.48566814335885744,0.38732841377561106,-0.662452856209758
or_chg3,0.39210069969950584,0.0156572117511856,-0.32781652824614405,-0.1521943275483688,-0.16163945955920686,-0.1521943275483688,0.5347311290773537,-0.045603365609329975,-0.4241872947918903,-0.023305436705068672,0.34079461047331316,0.5818223579044237,1.0,-0.12846637171176697,-0.4008156865123569,-0.41797528432510694,0.28955577654408343,-0.5297597537860254
dual_cy,-0.03459037799387398,0.010762183502184242,-0.04937025612130804,0.7631628806602051,-0.21505827822484727,0.7470873676376284,0.02075359333267279,-0.12675582620230097,-0.049980891076872425,-0.07752991794366669,-0.10874990690367227,0.02775766775207159,-0.12846637171176697,1.0,-0.005386246744548068,-0.23672558873262783,-0.22557418248957442,-0.025759231572726138
l_btn,0.10317200475748387,0.08652570623609285,0.21609894782264572,0.06398549914623892,0.06172382718696937,0.034049204553955985,-0.13263675477673295,-0.5299490642911013,0.8128063304646476,0.15878963105765523,-0.08914642775347197,-0.2867634384956955,-0.4008156865123569,-0.005386246744548068,1.0,0.005306090926122382,-0.030142479582583565,0.5557328303775853
r3_pprop,-0.36806326999645755,-0.07339790941045622,0.19337652655088777,-0.10784557536297604,-0.0761674771066526,-0.10784557536297604,-0.32617188482264153,0.7239852606651821,-0.016797271322690214,0.010130009214492891,-0.34860452614624365,-0.48566814335885744,-0.41797528432510694,-0.23672558873262783,0.005306090926122382,1.0,-0.2254421001706722,0.1769404278959839
r3_class,0.24405256194471614,0.16217790222190664,-0.15221552207452776,-0.3179902800934871,0.2081561763987998,-0.3179902800934871,0.15634143092930583,-0.14895986275698714,-0.03445481216186893,0.057342341877831944,0.31190297099991454,0.38732841377561106,0.28955577654408343,-0.22557418248957442,-0.030142479582583565,-0.2254421001706722,1.0,-0.1931613381371473
days_since_win,0.06521492239877269,-0.017934181928619307,0.3834273705490797,0.24910004517325338,0.007424448173320914,0.20842074534405386,-0.19675147592445466,-0.1403861139200439,0.5459055028001888,0.1265639931988349,-0.11940521639221688,-0.662452856209758,-0.5297597537860254,-0.025759231572726138,0.5557328303775853,0.1769404278959839,-0.1931613381371473,1.0
